Datetime,Water Level (m)
2025-05-18 12:00:00,0.07713758
2025-05-18 13:00:00,-0.1461563
2025-05-18 14:00:00,-0.33293626
2025-05-18 15:00:00,-0.44989404
2025-05-18 16:00:00,-0.44477364
2025-05-18 17:00:00,-0.22722624
2025-05-18 18:00:00,0.14213681
2025-05-18 19:00:00,0.45846137
2025-05-18 20:00:00,0.61286116
2025-05-18 21:00:00,0.6154821
2025-05-18 22:00:00,0.4369199
2025-05-18 23:00:00,0.13961259
2025-05-19 00:00:00,-0.12924404
2025-05-19 01:00:00,-0.3366027
2025-05-19 02:00:00,-0.4968684
2025-05-19 03:00:00,-0.571498
2025-05-19 04:00:00,-0.48730347
2025-05-19 05:00:00,-0.16751413
2025-05-19 06:00:00,0.23051159
2025-05-19 07:00:00,0.583204
2025-05-19 08:00:00,0.8528274
2025-05-19 09:00:00,0.995394
2025-05-19 10:00:00,0.9444532
2025-05-19 11:00:00,0.6892361
2025-05-19 12:00:00,0.3383359
2025-05-19 13:00:00,0.050931957
2025-05-19 14:00:00,-0.16054443
2025-05-19 15:00:00,-0.32691878
2025-05-19 16:00:00,-0.43058053
2025-05-19 17:00:00,-0.4010169
2025-05-19 18:00:00,-0.15950443
2025-05-19 19:00:00,0.18603723
2025-05-19 20:00:00,0.45113814
2025-05-19 21:00:00,0.5914804
2025-05-19 22:00:00,0.6262479
2025-05-19 23:00:00,0.537029
2025-05-20 00:00:00,0.3240333
2025-05-20 01:00:00,0.0692523
2025-05-20 02:00:00,-0.1436476
2025-05-20 03:00:00,-0.3131961
2025-05-20 04:00:00,-0.41322076
2025-05-20 05:00:00,-0.37966076
2025-05-20 06:00:00,-0.12699865
2025-05-20 07:00:00,0.25765327
2025-05-20 08:00:00,0.61978406
2025-05-20 09:00:00,0.8661466
2025-05-20 10:00:00,0.9816888
2025-05-20 11:00:00,0.924744
2025-05-20 12:00:00,0.70079774
2025-05-20 13:00:00,0.38852084
2025-05-20 14:00:00,0.11575796
2025-05-20 15:00:00,-0.105228394
2025-05-20 16:00:00,-0.2926876
2025-05-20 17:00:00,-0.42247552
2025-05-20 18:00:00,-0.44278172
2025-05-20 19:00:00,-0.25757504
2025-05-20 20:00:00,0.11626475
2025-05-20 21:00:00,0.45746958
2025-05-20 22:00:00,0.65673417
2025-05-20 23:00:00,0.74101216
2025-05-21 00:00:00,0.6894536
2025-05-21 01:00:00,0.492172
2025-05-21 02:00:00,0.20846412
2025-05-21 03:00:00,-0.042394973
2025-05-21 04:00:00,-0.24105152
2025-05-21 05:00:00,-0.37389103
2025-05-21 06:00:00,-0.39543226
2025-05-21 07:00:00,-0.20725608
2025-05-21 08:00:00,0.16497804
2025-05-21 09:00:00,0.54789066
2025-05-21 10:00:00,0.8246887
2025-05-21 11:00:00,0.98415464
2025-05-21 12:00:00,0.9802527
2025-05-21 13:00:00,0.7967082
2025-05-21 14:00:00,0.47653508
2025-05-21 15:00:00,0.1715451
2025-05-21 16:00:00,-0.069471754
2025-05-21 17:00:00,-0.2948342
2025-05-21 18:00:00,-0.47753385
2025-05-21 19:00:00,-0.5629109
2025-05-21 20:00:00,-0.42176536
2025-05-21 21:00:00,0.011928712
2025-05-21 22:00:00,0.4500678
2025-05-21 23:00:00,0.7371783
2025-05-22 00:00:00,0.8940338
2025-05-22 01:00:00,0.8842466
2025-05-22 02:00:00,0.6888802
2025-05-22 03:00:00,0.36636505
2025-05-22 04:00:00,0.06736291
2025-05-22 05:00:00,-0.1628865
2025-05-22 06:00:00,-0.3481986
2025-05-22 07:00:00,-0.4505356
2025-05-22 08:00:00,-0.36002156
2025-05-22 09:00:00,0.035782065
2025-05-22 10:00:00,0.49604407
2025-05-22 11:00:00,0.8369073
2025-05-22 12:00:00,1.0299572
2025-05-22 13:00:00,1.0381125
2025-05-22 14:00:00,0.8413162
2025-05-22 15:00:00,0.49308586
2025-05-22 16:00:00,0.15738517
2025-05-22 17:00:00,-0.10968997
2025-05-22 18:00:00,-0.35391468
2025-05-22 19:00:00,-0.5512685
2025-05-22 20:00:00,-0.6597788
2025-05-22 21:00:00,-0.5449833
2025-05-22 22:00:00,-0.06156765
2025-05-22 23:00:00,0.47779453
2025-05-23 00:00:00,0.8509598
2025-05-23 01:00:00,1.0587982
2025-05-23 02:00:00,1.0645014
2025-05-23 03:00:00,0.8553292
2025-05-23 04:00:00,0.4873357
2025-05-23 05:00:00,0.13610134
2025-05-23 06:00:00,-0.119467095
2025-05-23 07:00:00,-0.3328662
2025-05-23 08:00:00,-0.47609445
2025-05-23 09:00:00,-0.4599109
2025-05-23 10:00:00,-0.09041551
2025-05-23 11:00:00,0.43752143
2025-05-23 12:00:00,0.8754572
2025-05-23 13:00:00,1.1146841
2025-05-23 14:00:00,1.1381179
2025-05-23 15:00:00,0.9311061
2025-05-23 16:00:00,0.5396251
2025-05-23 17:00:00,0.15194781
2025-05-23 18:00:00,-0.147038
2025-05-23 19:00:00,-0.41306272
2025-05-23 20:00:00,-0.62641877
2025-05-23 21:00:00,-0.7565672
2025-05-23 22:00:00,-0.6283147
2025-05-23 23:00:00,-0.045242228
2025-05-24 00:00:00,0.585333
2025-05-24 01:00:00,1.0168309
2025-05-24 02:00:00,1.2762666
2025-05-24 03:00:00,1.2945225
2025-05-24 04:00:00,1.0494165
2025-05-24 05:00:00,0.6062068
2025-05-24 06:00:00,0.20117463
2025-05-24 07:00:00,-0.096942894
2025-05-24 08:00:00,-0.35300946
2025-05-24 09:00:00,-0.544611
2025-05-24 10:00:00,-0.58193755
2025-05-24 11:00:00,-0.17514463
2025-05-24 12:00:00,0.4458147
